<?xml version="1.0" encoding="UTF-8" ?>
<!DOCTYPE mapper PUBLIC "-//mybatis.org//DTD Mapper 3.0//EN" "http://mybatis.org/dtd/mybatis-3-mapper.dtd">
 <mapper namespace="com.guobo.client.mapper.NeedMapper">
 
 <!-- 数据库中guobo_user_need表对应的实体以及列与实体属性对应的关系 -->
 <resultMap type="com.guobo.client.pojo.NeedPO" id="BaseResultMap">
 	<id column="need_id" property="needId"/>
 	<result column="user_id" property="userId"/>
 	<result column="content" property="content"/>
 	<result column="who" property="who"/>
 	<result column="insert_time" property="insertTime"/>
 </resultMap>
 
 <!-- 插入新的客户跟进记录 -->
 <insert id="insertUserNeed">
 insert into guobo_user_need(content,insert_time,who,user_id) values(#{content},#{insertTime},#{who},#{userId})
 </insert>
 
 <!-- 查找当前客户id对应的所有跟进记录 -->
 <select id="listUserNeedByUserId" resultMap="BaseResultMap">
 select need_id,content,who,insert_time from guobo_user_need where user_id=#{userId}
 </select>
  
 
 
 
 
 </mapper>