<?xml version="1.0" encoding="UTF-8" ?>
<!DOCTYPE mapper PUBLIC "-//mybatis.org//DTD Mapper 3.0//EN" "http://mybatis.org/dtd/mybatis-3-mapper.dtd">
 <mapper namespace="com.guobo.client.mapper.UserMapper">
 
 <!-- 数据库中guobo_user表对应的实体以及列与实体属性对应的关系 -->
 <resultMap type="com.guobo.client.pojo.UserPO" id="BaseResultMap">
 	<id column="user_id" property="userId"/>
 	<result column="insert_time" property="insertTime"/>
 	<result column="user_name" property="userName"/>
 	<result column="user_phone" property="userPhone"/>
 	<result column="user_sex" property="userSex"/>
 	<result column="responsible_person" property="responsiblePerson"/>
 	<result column="user_need" property="userNeed"/>
 </resultMap>
 
 <!-- 查找当前所有的用户信息 -->
 <select id="listUserMassage" resultMap="BaseResultMap">
 select user_id,user_name,user_sex,user_phone,user_need,insert_time,responsible_person from guobo_user
 </select>
 
 <!-- 通过客户Id去查找对应的客户信息 -->
 <select id="getUserMassageByUserId" resultMap="BaseResultMap">
 select user_id,user_name,user_sex,user_phone,user_need,insert_time,responsible_person from guobo_user where user_id=#{userId}
 </select>
 
 <!-- 添加新的客户信息 -->
 <insert id="insertUserMassage">
 insert into guobo_user(user_name,user_sex,user_phone,user_need,insert_time,responsible_person) 
 values(#{userName},#{userSex},#{userPhone},#{userNeed},#{insertTime},#{responsiblePerson})
 </insert>
 
 <!-- 更新客户电话和需求 -->
 <update id="updateUserMassageByUserId">
 update guobo_user set user_phone=#{userPhone},user_need=#{userNeed} where user_id=#{userId}
 </update>
 
 <!-- 通过客户id删除客户信息 -->
 <delete id="deleteUserMassageByUserId">
 delete from guobo_user where user_id=#{userId}
 </delete>
 
 <!-- 通过管理员输入的客户姓名去模糊查找可能的客户信息 -->
 <select id="listUserMassageByInputUserName" resultMap="BaseResultMap" parameterType="java.lang.String">
 select user_id,user_name,user_sex,user_phone,user_need,insert_time,responsible_person from guobo_user where user_name like #{userName}
 </select>
 
 </mapper>